<meta>
    <info author="OWL MTA Scripting Team" type="script" description="Bank System" />
    
    <script src="s_bank_system.lua" type="server" />
    <script src="c_bank_system.lua" type="client" />
    <script src="c_bank_ped.lua" type="client" />
    <script src="s_atm_management.lua" type="server" />
    
    <script src="s_atm_system.lua" type="server" />
    <script src="c_atm_system.lua" type="client" />
    
    <script src="g_atm_functions.lua" type="shared" />
    
    <script src="soundFX/s_soundFX.lua" type="server" />
    <script src="soundFX/c_soundFX.lua" type="client" />

    <file src="soundFX/atm_insert.mp3" />
    <file src="soundFX/atm_error.mp3" />
    
    <export function="playAtmInsert" type="server" />
    <export function="getCardInfo" type="server" />
    <export function="updateBankMoney" type="server" />
    <export function="addBankTransactionLog" type="server" />
    <!-- Maxime's note
    addBankTransactionLog(fromAccount, toAccount, amount, type, reason, details, fromCard, toCard)
    Transaction Types:
    0: Withdraw Personal
    1: Deposit Personal
    2: Transfer from Personal to Personal/Business
    3: Transfer from Business to Personal/Business
    4: Withdraw Business
    5: Deposit Business
    6: Wage/State Benefits
    7: everything in payday except Wage/State Benefits
    8: faction budget
    9: fuel
    10: repair

    *amount is always a positive number.
    *fromAccount and toAccount is negative if it's a faction id, and positive for character id.
    -->
    <export function="hasBankMoney" type="shared" />
    <export function="takeBankMoney" type="server" />
    <export function="giveBankMoney" type="server" />
    <export function="setBankMoney" type="server" />
    <min_mta_version client="1.3.0-9.03783"></min_mta_version>
</meta>
