<meta>
	<info author="vG MTA Scripting Team" type="script" description="Elevator System"/>

	<min_mta_version server="1.5.5-9.14060" />
	
	<script src="s_elevator_system.lua" type="server" />
	<export function="findElevator" type="server"/>
	<export function="reloadOneElevator" type="server"/>
	<export function="loadOneElevator" type="server"/>
	<export function="delElevatorsFromInterior" type="server"/>
	<script src="c_elevator_system.lua" type="client" />

	<script src="s_elevator_lift.lua" type="server" />
	<export function="findLift" type="server"/>
	<export function="reloadOneLift" type="server"/>
	<export function="loadOneLift" type="server"/>
	<script src="c_elevator_lift.lua" type="client" />
</meta>
