<meta>
	<info author="OwlGaming MTA Scripting Team" type="script" description="Anticheat System"/>
	
	<script src="c_anticheat.lua" type="client"/>
	<script src="s_anticheat.lua" type="server"/>

	<script src="s_element.lua" type="server"/>

	<export function="changeProtectedElementDataEx" type="server"/>
	<export function="setEld" type="server"/>

	<export function="changeProtectedElementData" type="server"/>

	<export function="protectElementData" type="server"/>
	<export function="allowElementData" type="server"/>
	<export function="fetchH" type="server"/>
</meta>